benchmark,model_id,strict_exact_match,field_precision,field_recall,field_f1,null_field_accuracy,hallucination_rate,schema_validity_rate,entity_f1
ru-bank-ie,LiquidAI/LFM2-1.2B-Extract,0.0,0.0566869133955617,0.0566869133955617,0.0566869133955617,0.5642171415189524,0.0738560646137541,1.0,0.1189771888886092
ru-bank-ie,numind/NuExtract-2.0-2B,0.0081521739130434,0.3920935491702914,0.3920935491702914,0.3920935491702914,0.8120103473425904,0.0587772095107741,1.0,0.5607573765361231
ru-bank-ie,Qwen/Qwen3-1.7B,0.0,0.100961515649305,0.100961515649305,0.100961515649305,0.5909745198932639,0.0625116461843776,0.7010869565217391,0.1736989638482706
