{
  "per_model": {
    "Qwen/Qwen3-1.7B": {
      "macro_field_f1": 0.1009615156493051,
      "top_fields": {
        "ИНН": 0.573394495412844,
        "Фамилия": 0.38079470198675497,
        "Адрес регистрации.квартира": 0.352112676056338,
        "Имя": 0.30716723549488056,
        "Адрес регистрации.дом": 0.3017543859649123,
        "Адрес регистрации.город": 0.2986111111111111,
        "Пол": 0.2682119205298013,
        "Количество иждивенцев": 0.1925133689839572
      },
      "zero_f1_fields": [
        "Адрес электронной почты",
        "Год рождения",
        "Гражданство",
        "Дата выдачи паспорта",
        "Дата рождения",
        "Кем выдан паспорт",
        "Код подразделения",
        "Место рождения",
        "Отчество",
        "СНИЛС",
        "Серия и номер паспорта"
      ],
      "zero_f1_count": 11,
      "label_count": 34,
      "sem_docs": 0,
      "mean_entity_f1": 0.1736989638482706,
      "mean_null_acc": 0.5909745198932639,
      "mean_hallucination": 0.06251164618437763,
      "schema_valid_rate": 0.7010869565217391
    },
    "numind/NuExtract-2.0-2B": {
      "macro_field_f1": 0.3920935491702913,
      "top_fields": {
        "Ежемесячный доход": 0.8913043478260869,
        "Стаж работы.лет": 0.8786127167630058,
        "Кем выдан паспорт": 0.8708133971291866,
        "Наличие кредитов/займов": 0.8395061728395061,
        "Номер мобильного телефона": 0.8285714285714286,
        "Стаж работы.месяцев": 0.791907514450867,
        "Адрес электронной почты": 0.7880434782608695,
        "ИНН": 0.7277777777777777
      },
      "zero_f1_fields": [
        "Адрес регистрации.индекс",
        "Адрес регистрации.регион",
        "Адрес регистрации.страна",
        "Адрес фактического проживания.индекс",
        "Адрес фактического проживания.регион",
        "Адрес фактического проживания.страна"
      ],
      "zero_f1_count": 6,
      "label_count": 40,
      "sem_docs": 3,
      "mean_entity_f1": 0.5607573765361231,
      "mean_null_acc": 0.8120103473425904,
      "mean_hallucination": 0.058777209510774135,
      "schema_valid_rate": 1.0
    },
    "LiquidAI/LFM2-1.2B-Extract": {
      "macro_field_f1": 0.05668691339556172,
      "top_fields": {
        "ИНН": 0.34051724137931033,
        "Имя": 0.31564245810055863,
        "Фамилия": 0.22465753424657534,
        "Пол": 0.14450867052023122,
        "Наличие кредитов/займов": 0.1377245508982036,
        "Номер мобильного телефона": 0.10497237569060773,
        "Должность на работе": 0.09223300970873786,
        "Адрес регистрации.квартира": 0.06818181818181818
      },
      "zero_f1_fields": [
        "Адрес фактического проживания.город",
        "Адрес фактического проживания.улица",
        "Гражданство",
        "Кем выдан паспорт",
        "Код подразделения",
        "Место рождения",
        "Отчество",
        "Серия и номер паспорта"
      ],
      "zero_f1_count": 8,
      "label_count": 34,
      "sem_docs": 0,
      "mean_entity_f1": 0.1189771888886092,
      "mean_null_acc": 0.5642171415189524,
      "mean_hallucination": 0.07385606461375414,
      "schema_valid_rate": 1.0
    }
  },
  "groups": {
    "Qwen/Qwen3-1.7B": {
      "Identity": 0.11952173225142959,
      "Passport": 0.0,
      "IDs & contact": 0.15053253189918803,
      "Work": 0.06546810151522241,
      "Assets & family": 0.08117692048522253
    },
    "numind/NuExtract-2.0-2B": {
      "Identity": 0.31227013621075433,
      "Passport": 0.544767613202968,
      "IDs & contact": 0.7173830873536363,
      "Work": 0.6380667845607082,
      "Assets & family": 0.3311678617437949
    },
    "LiquidAI/LFM2-1.2B-Extract": {
      "Identity": 0.09130024503287021,
      "Passport": 0.00267379679144385,
      "IDs & contact": 0.13209441058275764,
      "Work": 0.043348565894937366,
      "Assets & family": 0.04984986217480737
    }
  }
}